is_bidirectional_lstm,direction_lstm,accuracy,f1_score,loss,train_time
False,unidirectional_lstm,0.3774999976158142,0.18269812462189958,1.1131840944290161,20.618245124816895
True,bidirectional_lstm,0.637499988079071,0.6375240484808272,0.8817448616027832,20.836806297302246
