num_lstm_layers,accuracy,f1_score,loss,train_time
1,0.7574999928474426,0.7497601032896212,0.7112539410591125,14.085946083068848
2,0.7074999809265137,0.6769687462098393,0.8261432647705078,25.544453620910645
3,0.6424999833106995,0.6448618663151535,0.9095006585121155,36.66558909416199
