num_lstm_units,accuracy,f1_score,loss,train_time
32,0.7549999952316284,0.7325192165508683,0.7470777630805969,18.185164213180542
64,0.7024999856948853,0.6812632135044124,0.826740026473999,22.322234630584717
128,0.6499999761581421,0.6513417241323882,0.9664709568023682,40.31129789352417
