num_layers,accuracy,f1_score,loss,train_time
1,0.630299985408783,0.6247902722658387,1.0753910541534424,193.1113727092743
2,0.6850000023841858,0.6849286606989473,0.9222165942192078,287.7531886100769
3,0.6868000030517578,0.6854851689980822,0.9259772300720215,318.2664084434509
