is_bidirectional,direction,accuracy,f1_score,loss,train_time
False,unidirectional,0.3774999976158142,0.18269812462189958,1.1707565784454346,19.35772204399109
True,bidirectional,0.6000000238418579,0.5791192084451917,1.677463412284851,30.32270073890686
