is_bidirectional,direction,accuracy,f1_score,loss,train_time
False,unidirectional,0.3474999964237213,0.28846901954471676,1.316145420074463,8.65720510482788
True,bidirectional,0.5224999785423279,0.5237273082066868,2.052381992340088,14.61522650718689
