num_layers,accuracy,f1_score,loss,train_time
1,0.5874999761581421,0.5514520365333301,1.6889511346817017,17.487221002578735
2,0.44749999046325684,0.42115783991897193,2.802968740463257,22.326634168624878
3,0.5550000071525574,0.5313050118533537,2.1612868309020996,34.21806764602661
