num_layers,accuracy,f1_score,loss,train_time
1,0.5950000286102295,0.5599379050239063,1.6219123601913452,29.756603479385376
2,0.41749998927116394,0.38957317551566756,2.4837276935577393,40.634016036987305
3,0.5550000071525574,0.5149159306032071,2.09423828125,56.08817791938782
