num_units,accuracy,f1_score,loss,train_time
24,0.4749999940395355,0.4516138231553251,1.8608859777450562,15.838244438171387
48,0.6299999952316284,0.5755719320104123,1.9369572401046753,10.049273490905762
96,0.5350000262260437,0.5058259907863458,1.769516944885254,17.875911474227905
