num_units,accuracy,f1_score,loss,train_time
24,0.3824999928474426,0.3583935502389956,2.050278663635254,13.8733811378479
48,0.574999988079071,0.5465081436373302,1.787028193473816,14.152757167816162
96,0.5924999713897705,0.5601439537179215,1.880375623703003,14.506903886795044
